file,name,industries,types,tier,year,active,notes
velvet.png,Velvet,beauty-cosmetics|fashion-apparel,wordmark,1,2021,true,
onyx.png,Onyx,fashion-apparel|ecommerce-retail,lettermark,2,2022,true,
aura.png,Aura,beauty-cosmetics|health-medical,pictorial,3,2023,true,
prism.png,Prism,media-entertainment|technology-saas,abstract,1,2024,true,
halo.png,Halo,beauty-cosmetics,pictorial,2,2025,true,
muse.png,Muse,marketing-agency|media-entertainment,wordmark,3,2021,true,
eclipse.png,Eclipse,technology-saas|media-entertainment,abstract,1,2022,true,
lush.png,Lush,beauty-cosmetics|ecommerce-retail,combination,2,2023,true,
noir.png,Noir,fashion-apparel,wordmark,3,2024,true,
